,rentGu,rentDong,stationName,stationNum,stationValue
0,강남구,개포동,개포1단지아파트 입구(보도육교),2395,10
1,강남구,개포동,개포동역 사거리,2373,20
2,강남구,개포동,경기여자고등학교 후문 (삼성로3길 입구),2389,15
3,강남구,개포동,구룡마을 입구(래미안블레스티지 아파트),2390,10
4,강남구,개포동,구룡사 앞 교차로 (보도육교),2393,10
5,강남구,개포동,구룡산 입구(구룡산 서울둘레길 입구),2392,15
6,강남구,개포동,구룡초사거리 (현대아파트10동 앞 ),2358,10
7,강남구,개포동,구룡터널 입구,2391,10
8,강남구,개포동,"국립국악중,고교 정문 맞은편",2359,10
9,강남구,개포동,대모산입구역 2번출구 앞,2337,15
10,강남구,개포동,대청역 1번출구  뒤,2342,10
11,강남구,개포동,래미안강남포레스트 입구(보도육교),2394,10
12,강남구,개포동,삼호물산버스정류장(23370) 옆,2340,15
13,강남구,개포동,현대아파트 정문 앞,2339,10
14,강남구,논현동,MCM 본사 직영점 앞,2305,10
15,강남구,논현동,강남 을지병원 교차로,2363,15
16,강남구,논현동,강남구청역 2번출구 뒤,2353,10
17,강남구,논현동,논현역 7번출구,2303,15
18,강남구,논현동,두산건설 본사,2347,15
19,강남구,논현동,서울본부세관(건설회관 앞),2352,10
20,강남구,논현동,신영 ROYAL PALACE 앞,2304,10
21,강남구,논현동,학동역,2385,10
22,강남구,논현동,한국우편사업진흥원,2371,10
23,강남구,대치동,8.삼호@ 2동 ( 간선도로),2334,15
24,강남구,대치동,KT선릉타워,2369,20
25,강남구,대치동,강남세브란스교차로  래미안그레이튼 104동 앞,2336,10
26,강남구,대치동,대치동 버거킹대치점,2325,10
27,강남구,대치동,대치동 삼성로,2326,10
28,강남구,대치동,대치역 사거리,2372,10
29,강남구,대치동,삼성역 3번 출구,2322,15
30,강남구,대치동,주식회사 오뚜기 정문 앞,2323,10
31,강남구,대치동,천주교 대치 2동 교회 옆,2324,10
32,강남구,대치동,학여울역 사거리,2321,10
33,강남구,대치동,한티역 3번출구,2370,20
34,강남구,도곡동,3호선 매봉역 3번출구앞,2335,10
35,강남구,도곡동,도곡동 경남아파트 건너편,2368,10
36,강남구,도곡동,도곡역 대치지구대 방향,2320,10
37,강남구,도곡동,양재역 3번출구 주변,2333,15
38,강남구,도곡동,영동3교 북단(우성캐릭터 앞 보도),2396,15
39,강남구,삼성동,강남구 도시관리공단,2388,10
40,강남구,삼성동,강남구청,2356,10
41,강남구,삼성동,봉은사역 5번출구 옆,2315,10
42,강남구,삼성동,삼성도로공원,2317,10
43,강남구,삼성동,삼성동베이직하우스앞,2380,15
44,강남구,삼성동,삼성역 5~6번 출구 사이,2355,20
45,강남구,삼성동,삼성역 8번출구,2316,20
46,강남구,삼성동,삼성중앙역4번출구(문화센터더 리빌),2318,15
47,강남구,삼성동,청담공원앞 교차로,2405,20
48,강남구,삼성동,청담나들목입구,2314,10
49,강남구,삼성동,청담역 2번출구,2354,5
50,강남구,삼성동,포스코4거리 서측(수협 삼성동 지점),2319,10
51,강남구,삼성동,포스코사거리(기업은행),2348,20
52,강남구,세곡동,리엔파크 2단지 앞,2344,10
53,강남구,세곡동,보금자리정원,2383,10
54,강남구,세곡동,세곡사거리 대왕파출소 앞,2343,10
55,강남구,수서동,수서역 1번출구 앞,2375,10
56,강남구,수서동,수서역 5번출구 뒤,2377,10
57,강남구,수서동,수서역 6번출구 앞,2376,20
58,강남구,수서동,청소년수련관(수영장)앞,2351,15
59,강남구,신사동,K+ 타워 앞,2365,15
60,강남구,신사동,도산대로 렉서스 앞,2364,10
61,강남구,신사동,신사동 가로수길 입구,2362,10
62,강남구,신사동,압구정역 2번 출구 옆,2306,30
63,강남구,신사동,압구정역 교차로,2361,10
64,강남구,신사동,현대고등학교 건너편,2301,10
65,강남구,압구정동,압구정 한양 3차 아파트,2307,10
66,강남구,압구정동,압구정파출소 앞,2308,14
67,강남구,역삼동,교보타워 버스정류장(신논현역 3번출구 후면),2302,10
68,강남구,역삼동,논현동 광명빌딩 앞,2406,10
69,강남구,역삼동,더라움,2398,10
70,강남구,역삼동,도곡1동 주민센터 교차로,2360,15
71,강남구,역삼동,동영문화센터앞,2331,20
72,강남구,역삼동,래미안그레이튼102동앞,2350,10
73,강남구,역삼동,르네상스 호텔 사거리 역삼지하보도 7번출구 앞,2328,10
74,강남구,역삼동,르네상스호텔사거리 역삼지하보도 2번출구,2329,10
75,강남구,역삼동,르네상스호텔사거리 역삼지하보도 3번출구 앞 (더 오번 빌딩 명동칼국수 앞),2357,15
76,강남구,역삼동,뱅뱅사거리 랜드마크타워 앞,2327,15
77,강남구,역삼동,선릉역3번출구,2332,8
78,강남구,역삼동,스타벅스 앞,2330,10
79,강남구,역삼동,언주역 6번출구앞,2381,8
80,강남구,역삼동,역삼.서초.삼성 세무서 앞(역삼빌딩 앞),2407,10
81,강남구,역삼동,역삼동 sk뷰 501동앞,2382,11
82,강남구,역삼동,역삼동 디오슈페리움 (우성아파트 사거리),2409,18
83,강남구,역삼동,역삼빌딩 앞(하나은행 옆),2349,10
84,강남구,역삼동,포스코피앤에스타워 (역삼역 3번출구 부근),2410,10
85,강남구,율현동,세곡동 성당,2411,15
86,강남구,일원동,공무원연금매점 교차로(개포주공9단지 입구),2403,15
87,강남구,일원동,대모산입구역 4번 출구 앞,2404,10
88,강남구,일원동,밀알학교 입구 (삼성서울병원 입구),2401,15
89,강남구,일원동,일원1동 주민센터,2412,15
90,강남구,일원동,일원역 4~5번 출구 사이,2341,10
91,강남구,자곡동,강남한양수자인아파트,2408,14
92,강남구,자곡동,래미안강남힐즈 사거리,2387,10
93,강남구,자곡동,자곡사거리,2384,10
94,강남구,청담동,금원빌딩 앞,2313,10
95,강남구,청담동,청담동 맥도날드 옆(위치),2310,10
96,강남구,청담동,청담역 13번 출구 앞,2312,10
97,강남구,청담동,청담역(우리들병원 앞),2309,10
98,강남구,청담동,학동로 래미안 아파트 앞,2311,10
99,강동구,강일동,강일 2.5단지 사이,1042,10
100,강동구,강일동,강일 다솜 어린이 공원,1038,10
101,강동구,강일동,강일동 리슈빌 빌딩앞,1021,15
102,강동구,강일동,강일리버파크 10단지,1049,10
103,강동구,강일동,강일리버파크 6단지,1037,10
104,강동구,강일동,강일리버파크 7~11단지,1056,10
105,강동구,강일동,해뜨는 주유소옆 리엔파크 109동앞,1016,10
106,강동구,고덕동,강동구평생학습관앞,1014,15
107,강동구,고덕동,고덕동 래미안 힐스테이트,1034,15
108,강동구,고덕동,고덕동 아남아파트,1033,10
109,강동구,고덕동,고덕초등학교,1039,7
110,강동구,고덕동,동명근린공원 진입로 (아리수로),1053,8
111,강동구,고덕동,리싸이클시티,1052,10
112,강동구,고덕동,묘곡초등학교,1041,10
113,강동구,길동,강동세무서,1010,20
114,강동구,길동,건강보험 강동지사kt,1047,10
115,강동구,길동,길동 사거리(초소앞),1022,20
116,강동구,길동,맥도날드(길동),1017,20
117,강동구,길동,프라자 아파트 앞,1027,20
118,강동구,둔촌동,동부기업(둔촌동),1048,10
119,강동구,명일동,고덕동 주양쇼핑,1036,10
120,강동구,명일동,고덕역 4번출구,1035,20
121,강동구,명일동,굽은다리역,1044,15
122,강동구,명일동,대명초교 입구 교차로,1026,14
123,강동구,명일동,롯데캐슬 115동앞,1006,15
124,강동구,명일동,샛마을 근린공원,1015,13
125,강동구,상일동,고덕숲 아이파크 1,1058,12
126,강동구,상일동,고덕숲 아이파크 2,1062,15
127,강동구,상일동,능골근린공원,1057,15
128,강동구,상일동,말우물 어린이 공원,1054,10
129,강동구,상일동,상일초등학교,1025,10
130,강동구,상일동,한국종합기술사옥 앞,1023,15
131,강동구,성내2동,서울 상운차량,1012,15
132,강동구,성내동,LIGA 아파트 앞,1011,20
133,강동구,성내동,강동경찰서,1020,15
134,강동구,성내동,강동구청 앞,1024,10
135,강동구,성내동,강동구청역 1번 출입구,1013,15
136,강동구,성내동,다성이즈빌아파트(호원대 대각선 맞은편),1019,10
137,강동구,성내동,둔촌 주공 GS 맞은편,1018,20
138,강동구,성내동,둔촌역 3번 출입구,1050,15
139,강동구,성내동,롯데 시네마,1029,10
140,강동구,성내동,미호 플랜트 앞,1030,15
141,강동구,성내동,포레스 주상복합 빌딩,1028,10
142,강동구,암사동,삼성광나루아파트 버스정류장,1004,10
143,강동구,암사동,서원마을,3539,10
144,강동구,암사동,선사고등학교,1032,20
145,강동구,암사동,암사동 CBIS,1031,15
146,강동구,암사동,암사동 선사유적지,1007,16
147,강동구,암사동,암사역 3번출구(국민은행앞),1008,10
148,강동구,암사동,양지시장 (용성약국앞) 입구,1051,15
149,강동구,천호동,광진교 남단 사거리(디지털프라자앞),1001,15
150,강동구,천호동,레미안 강동팰리스(102동),1059,15
151,강동구,천호동,천일초교 사거리,1060,8
152,강동구,천호동,천호역4번출구(현대백화점),1009,20
153,강동구,천호동,천호초교 입구 사거리(일주빌딩),1061,10
154,강동구,천호동,해공공원(천호동),1002,10
155,강동구,천호동,해공도서관앞,1003,20
156,강북구,미아동,꿈의숲 롯데캐슬,1547,15
157,강북구,미아동,다이소 삼양시장점,1504,10
158,강북구,미아동,미아동 복합청사,1525,10
159,강북구,미아동,미아동 한국전력공사,1529,15
160,강북구,미아동,미아사거리 1번 출구,1531,10
161,강북구,미아동,미아역 1번 출구 뒤,1527,10
162,강북구,미아동,"미아역 3번,4번 출구 사이",1501,9
163,강북구,미아동,삼각산동 주민센터,1528,10
164,강북구,미아동,삼양사거리역,1542,10
165,강북구,미아동,삼양역,1541,10
166,강북구,미아동,솔샘역2번출구,1545,10
167,강북구,미아동,송천동 주민센터,1515,10
168,강북구,미아동,송천동우체국,1546,10
169,강북구,번동,강북구청 사거리 버스정류소 앞,1514,10
170,강북구,번동,번3동 주민센터 교차로,1532,10
171,강북구,번동,번동 금호어울림아파트102동앞,1511,9
172,강북구,번동,번동 두산위브 101동 옆,1536,20
173,강북구,번동,"번동 주공3, 4단지 교차로",1533,10
174,강북구,번동,번동주공5단지 관리사무소 앞,1510,10
175,강북구,번동,북서울 꿈의 숲 동문,1534,20
176,강북구,번동,북서울 꿈의숲 서문,1548,15
177,강북구,번동,서울북부수도사업소,1509,10
178,강북구,수유동,SK telecom(수유직영점) 앞,1518,10
179,강북구,수유동,가오리역,1540,10
180,강북구,수유동,강북구청 뒷편,1513,20
181,강북구,수유동,강북문화예술회관,1506,20
182,강북구,수유동,강북중학교 앞,1512,20
183,강북구,수유동,광산사거리,1530,10
184,강북구,수유동,성실교회,1520,10
185,강북구,수유동,세븐일레븐 수유장미원점 앞,1519,10
186,강북구,수유동,수유1동 주민센터,1543,10
187,강북구,수유동,수유동 채선당앞,1526,8
188,강북구,수유동,우이초등학교 후문 옆,1516,10
189,강북구,수유동,이디야 커피 수유역점 앞,1503,12
190,강북구,수유동,효성인텔리안 앞,1535,10
191,강북구,쌍문동,월드전기조명인테리어(우이동),1522,10
192,강북구,우이동,4.19민주묘지역,1539,10
193,강북구,우이동,북한산 우이역,1537,10
194,강북구,우이동,솔밭공원역,1538,8
195,강서구,가양동,가양3동 주민센터,1172,8
196,강서구,가양동,가양레포츠센터앞,1121,15
197,강서구,가양동,가양역 8번출구,1158,20
198,강서구,가양동,기쁜우리복지관,1155,10
199,강서구,가양동,대림경동아파트앞,1120,10
200,강서구,가양동,서서울모터리움앞,1159,20
201,강서구,가양동,양천향교역 7번출구앞,1160,20
202,강서구,가양동,황금내근린공원,1122,10
203,강서구,개화동,개화광역환승센터,1200,10
204,강서구,개화동,개화동상사마을종점 버스정류장,1101,10
205,강서구,공항동,공항시장역 2번출구 뒤,1108,8
206,강서구,공항동,공항시장역 4번출구,1109,6
207,강서구,공항동,공항중학교앞,1110,10
208,강서구,공항동,마곡13단지,1184,15
209,강서구,공항동,송정역 1번출구,1150,10
210,강서구,공항동,송정중학교,1186,10
211,강서구,내발산동,마곡수명산파크 209동 건너편,1192,10
212,강서구,내발산동,마곡수명산파크3단지 교차로,1167,15
213,강서구,내발산동,명덕고교입구(영종빌딩),1125,10
214,강서구,내발산동,발산역 6번출구옆(다이소앞),1124,10
215,강서구,내발산동,수명중?고교,1177,10
216,강서구,등촌동,강서구립등빛도서관,1166,10
217,강서구,등촌동,강서구의회,1135,10
218,강서구,등촌동,강서구청사거리(SH타워),1173,15
219,강서구,등촌동,강서구청사거리(부민병원),1174,9
220,강서구,등촌동,대한항공 인력개발센터,1175,15
221,강서구,등촌동,등촌2동주민센터,1137,10
222,강서구,등촌동,등촌2파출소,1136,10
223,강서구,등촌동,등촌9단지,1185,10
224,강서구,등촌동,등촌역 1번출구옆,1115,10
225,강서구,등촌동,등촌역 7번출구,1132,10
226,강서구,등촌동,발산역 2번출구,1153,10
227,강서구,등촌동,스타벅스앞,1117,10
228,강서구,등촌동,용문사 버스정류장,1139,8
229,강서구,등촌동,증미역 3번출구뒤(등촌두산위브센티움오피스텔),1118,10
230,강서구,마곡동,LG 사이언스피크,1198,20
231,강서구,마곡동,공항초등학교건너편,1162,10
232,강서구,마곡동,롯데중앙연구소,1188,8
233,강서구,마곡동,마곡 엠밸리2단지,2702,20
234,강서구,마곡동,마곡나루역5번출구,2701,15
235,강서구,마곡동,마곡센트럴타워1차,1193,15
236,강서구,마곡동,마곡엠밸리 15단지(1502동) 건너편,1180,15
237,강서구,마곡동,마곡엠밸리10단지 앞,1168,10
238,강서구,마곡동,마곡엠밸리4단지 정문,1112,15
239,강서구,마곡동,마곡엠밸리6_7단지 마곡중학교,1111,15
240,강서구,마곡동,마곡역 교차로(2번출구),1190,10
241,강서구,마곡동,마곡역 교차로(NH농협),1191,9
242,강서구,마곡동,마곡역1번출구,1151,25
243,강서구,마곡동,마곡역교차로,1152,10
244,강서구,마곡동,마곡중학교 후문,1165,20
245,강서구,마곡동,서남물재생센터 버스정류장,1114,15
246,강서구,마곡동,서남환경공원 버스정류장,1113,15
247,강서구,마곡동,서울식물원(문화센터) 건너편,1196,15
248,강서구,마곡동,센서택㈜,1194,10
249,강서구,마곡동,신방화역환승주차장,1149,13
250,강서구,마곡동,엘펠리체 호텔 건너편,1197,20
251,강서구,마곡동,코오롱 One&Only 타워,1195,20
252,강서구,방화동,개화산역 2번 출구,1178,10
253,강서구,방화동,방화근린공원,1105,10
254,강서구,방화동,방화동강서기동대앞,1163,10
255,강서구,방화동,방화사거리 마을버스 버스정류장,1102,10
256,강서구,방화동,방화역 4번출구앞,1103,10
257,강서구,방화동,신방화사거리,1106,10
258,강서구,염창동,강서구보건소(삼성디지털 프라자),1170,11
259,강서구,염창동,염창동 새마을금고 건너편(모닝글로리),1171,8
260,강서구,염창동,염창동 한마음아파트앞(염창동 빛나는 음악학원앞),1119,6
261,강서구,염창동,염창역 1번 출구,1169,8
262,강서구,외발산동,강서면허시험장앞,1161,10
263,강서구,외발산동,강서수산물도매시장,1187,15
264,강서구,외발산동,농산식품공사(강서지사),1181,10
265,강서구,화곡동,KBS 스포츠월드,1182,20
266,강서구,화곡동,KC 대학교,1183,10
267,강서구,화곡동,강서구청,1157,8
268,강서구,화곡동,곰달래 문화복지센터 1-1,1141,10
269,강서구,화곡동,곰달래 문화복지센터 1-2,1145,10
270,강서구,화곡동,곰달래사거리,1146,10
271,강서구,화곡동,꿈돌이공원 앞,1131,8
272,강서구,화곡동,목동사거리 버스정류장,1140,15
273,강서구,화곡동,볏골공원,1148,10
274,강서구,화곡동,우장산역 1번출구옆(우장산아이파크105동앞),1126,7
275,강서구,화곡동,우장산역 3번출구,1199,13
276,강서구,화곡동,화곡본동시장 버스정류장,1130,7
277,강서구,화곡동,화곡역 1번 출구 앞,1129,7
278,강서구,화곡동,화곡역 6번출구,1128,10
279,강서구,화곡동,화곡역(에이스정형외과앞) 버스정류장,1127,10
280,관악구,독산동,농협 관악문성지점,2156,12
281,관악구,봉천동,JK장평타워,2165,10
282,관악구,봉천동,KT&G 관악지점,2137,10
283,관악구,봉천동,관악구 보건소,2160,15
284,관악구,봉천동,관악구청교차로,2128,12
285,관악구,봉천동,구암초등학교 버스정류장,2184,10
286,관악구,봉천동,낙성대 과학전시관,2129,10
287,관악구,봉천동,낙성대로 입구,2122,20
288,관악구,봉천동,낙성대역 1번출구,2167,12
289,관악구,봉천동,낙성대역 3번출구 뒤,2148,10
290,관악구,봉천동,당곡사거리,2173,10
291,관악구,봉천동,봉천역 2번출구,2169,7
292,관악구,봉천동,서울대입구역 1번출구,2111,10
293,관악구,봉천동,서울대입구역 5번출구,2171,17
294,관악구,봉천동,서울대입구역 마에스트로,2112,15
295,관악구,봉천동,양녕로 입구,2179,10
296,관악구,봉천동,에이스에이존빌딩,2116,9
297,관악구,봉천동,영어마을 관악캠프,2130,15
298,관악구,봉천동,은천초등학교 육교,2145,12
299,관악구,봉천동,은천치안센터,2108,20
300,관악구,봉천동,인헌초교,2159,10
301,관악구,봉천동,중앙동 동진빌딩,2119,10
302,관악구,사당동,사당역 5번출구,2104,13
303,관악구,신림동,관악농협농산물백화점,2115,15
304,관악구,신림동,관악동작견인차량보관소,2113,10
305,관악구,신림동,관악우체국,2164,8
306,관악구,신림동,나들목공원,2172,20
307,관악구,신림동,난곡 새마을금고,2106,12
308,관악구,신림동,난우길입구,2144,15
309,관악구,신림동,대학동 고시촌,2185,10
310,관악구,신림동,도림천 신화교,2107,25
311,관악구,신림동,동방1교,2183,20
312,관악구,신림동,미림여고입구 교차로,2141,12
313,관악구,신림동,미성동 신림체육센터,2105,12
314,관악구,신림동,보라매공원 보도육교,2176,15
315,관악구,신림동,보성운수차고지 맞은편,2127,10
316,관악구,신림동,봉림교 교통섬,2102,20
317,관악구,신림동,삼성디지털프라자관악점,2174,10
318,관악구,신림동,서울대학교 정문,2178,15
319,관악구,신림동,서울산업정보학교,2143,10
320,관악구,신림동,서울신성초등학교,2139,10
321,관악구,신림동,신대방역 2번출구,2177,19
322,관악구,신림동,신림1교 교차로,2140,12
323,관악구,신림동,신림동 우방아파트,2103,10
324,관악구,신림동,신림동걷고싶은문화의거리입구,2175,10
325,관악구,신림동,신림동주민센터,2180,10
326,관악구,신림동,신림역 5번출구,2135,9
327,관악구,신림동,신림역 8번출구,2136,8
328,관악구,신림동,조원동 미성아파트,2110,9
329,관악구,신림동,조원동서울본병원,2170,10
330,관악구,신월동,은천로입구 가로공원,2109,15
331,광진구,광장동,광나루역 3번 출구,576,10
332,광진구,광장동,광남중학교,544,20
333,광진구,광장동,광진유진스웰,3503,20
334,광진구,광장동,광진정보도서관,3528,8
335,광진구,광장동,광진청소년수련관,577,10
336,광진구,광장동,현대홈타운 뒷길,3521,10
337,광진구,구의동,강변역 4번출구 뒤,542,19
338,광진구,구의동,광진경찰서,3520,10
339,광진구,구의동,구의3동주민센터,555,10
340,광진구,구의동,구의공원(테크노마트 앞),543,20
341,광진구,구의동,구의삼성쉐르빌 앞,551,10
342,광진구,구의동,구의아리수정수센터앞,3516,10
343,광진구,구의동,대림아크로리버 앞,552,10
344,광진구,구의동,래미안 구의파크 스위트,3542,17
345,광진구,구의동,아차산 휴먼시아 아파트 옆,3537,15
346,광진구,구의동,아차산역 3번출구,549,10
347,광진구,군자동,광진광장 교통섬,584,20
348,광진구,군자동,광진메디칼 앞,516,10
349,광진구,군자동,군자역 7번출구 베스트샵 앞,540,8
350,광진구,군자동,세종대학교,3524,15
351,광진구,군자동,세종사이버대학교,3509,20
352,광진구,군자동,어린이대공원역6번출구,571,20
353,광진구,군자동,어린이대공원정문,3529,15
354,광진구,능동,구의문주차장 앞,573,10
355,광진구,능동,군자역 7번출구뒤,3518,8
356,광진구,능동,아차산역4번출구,574,40
357,광진구,능동,어린이회관,3507,39
358,광진구,자양동,건대입구역 5번출구 뒤,3534,12
359,광진구,자양동,건대입구역 사거리(롯데백화점),3533,10
360,광진구,자양동,광양중학교 앞,515,10
361,광진구,자양동,광진구의회 앞,501,30
362,광진구,자양동,광진구청 앞,3501,10
363,광진구,자양동,뚝섬 유원지역,588,20
364,광진구,자양동,뚝섬유원지역 1번출구 앞,502,27
365,광진구,자양동,신양초교앞 교차로,3505,12
366,광진구,자양동,신자초교입구교차로,504,9
367,광진구,자양동,영동대교 북단,3506,10
368,광진구,자양동,원일교회,3504,8
369,광진구,자양동,자양나들목,548,20
370,광진구,자양동,자양사거리 광진아크로텔 앞,505,10
371,광진구,자양동,자양중앙나들목,593,5
372,광진구,자양동,잠실대교북단 교차로,546,8
373,광진구,자양동,중앙농협(자양동),3536,10
374,광진구,자양동,커먼그라운드,3541,17
375,광진구,중곡동,국립정신 건강센터 앞,572,20
376,광진구,중곡동,군자교교차로,539,10
377,광진구,중곡동,군자역2번출구,3500,10
378,광진구,중곡동,용마사거리,3517,10
379,광진구,중곡동,중곡 성원APT 앞,553,19
380,광진구,중곡동,중곡SK아파트앞,3510,10
381,광진구,중곡동,중곡사거리(국민은행),3535,10
382,광진구,중곡동,중곡역 1번출구,3502,15
383,광진구,중곡동,중앙농협 중곡지점,575,10
384,광진구,화양동,건국대학교 (입학정보관),590,20
385,광진구,화양동,건국대학교 (행정관),591,5
386,광진구,화양동,건국대학교 과학관(이과대) 앞,3523,10
387,광진구,화양동,건국대학교 학생회관,592,30
388,광진구,화양동,어린이대공원역 3번출구 앞,500,10
389,광진구,화양동,화양사거리,3508,10
390,구로구,가리봉동,삼부르네상스파크빌,1924,10
391,구로구,개봉동,개봉아이파트아파트 앞,1987,15
392,구로구,개봉동,개봉역 1번 출구 자전거보관서쪽,1936,10
393,구로구,개봉동,개봉역(북측광장),1931,10
394,구로구,개봉동,개봉지구대 개봉치안센터,1930,7
395,구로구,개봉동,개봉푸르지오아파트 상가,1933,10
396,구로구,개봉동,동인오피스텔 건너편 소공원,1968,12
397,구로구,개봉동,참새공원(백곡경노당),1967,10
398,구로구,개봉동,한마을아파트 정문상가,1966,10
399,구로구,개봉동,한진아파트 입구,1937,15
400,구로구,고척동,고척LIGA아파트 앞,1988,20
401,구로구,고척동,고척근린공원 고척도서관 앞,1929,10
402,구로구,고척동,고척스카이돔구장 광장,1928,10
403,구로구,고척동,동양미래대학교 정문 옆,1925,20
404,구로구,고척동,삼환로즈빌아파트 105동 옆,1965,15
405,구로구,고척동,원메디타운 앞,1964,10
406,구로구,구로동,가리봉동주민센터,1962,15
407,구로구,구로동,강서수도사업소민원센터,1958,10
408,구로구,구로동,고척교 교차로,1998,8
409,구로구,구로동,구로1동우체국 앞,1979,10
410,구로구,구로동,구로구의회 앞,1959,10
411,구로구,구로동,구로구청,1984,10
412,구로구,구로동,구로도서관,1985,20
413,구로구,구로동,구로동롯데아파트,1983,10
414,구로구,구로동,구로디지털단지역 앞,1911,10
415,구로구,구로동,구로리공원,1913,10
416,구로구,구로동,구로역 광장,1946,10
417,구로구,구로동,구로중학교앞,1916,10
418,구로구,구로동,구일고등학교 정문,1957,15
419,구로구,구로동,구일역 1번 출입구 앞,1996,20
420,구로구,구로동,구일우성(아) 육교 밑,1907,12
421,구로구,구로동,낙원교회 맞은편,1910,5
422,구로구,구로동,남구로역 5번 출입구 앞,1976,10
423,구로구,구로동,대륭포스트타워1차,2801,30
424,구로구,구로동,대림역 1번 출입구 밑,1975,10
425,구로구,구로동,대림역4번출구,1914,10
426,구로구,구로동,디지털입구 교차로,1955,10
427,구로구,구로동,삼성전자 물류센터 앞,1994,10
428,구로구,구로동,서울미래초등학교 사거리,1920,10
429,구로구,구로동,신도림테크노근린공원,1961,15
430,구로구,구로동,태평양물산빌딩,1986,15
431,구로구,구로동,한신휴아파트 앞,1912,10
432,구로구,구로동,해원리바파크 육교 밑,1908,10
433,구로구,구로동,화광신문사 앞,1960,10
434,구로구,궁동,궁동생태공원,1969,10
435,구로구,궁동,수궁동 성당 주변,1999,15
436,구로구,신도림동,도림천역 1번 출구 앞,1904,10
437,구로구,신도림동,도야미리숯불갈비 앞,1956,10
438,구로구,신도림동,신도림2차e편한세상아파트 203동 앞,1974,10
439,구로구,신도림동,신도림4차 e편한세상 아파트 1109동 앞,2000,15
440,구로구,신도림동,신도림동주민센터 앞,1901,10
441,구로구,신도림동,신도림역 1번 출구 앞,1906,20
442,구로구,오류동,구로구배드민턴실내체육관 앞,1992,19
443,구로구,오류동,금강수목원아파트 앞,1993,10
444,구로구,오류동,오류동역 2번출구,1941,10
445,구로구,오류동,오류동역 맞은편,1991,10
446,구로구,오류동,오리로와 서해안도로 교차로 앞,1973,10
447,구로구,오류동,오정초교 앞 보도육교,1971,10
448,구로구,온수동,온수역 북측,1943,10
449,구로구,천왕동,천왕역 1번 출입구 앞,1977,15
450,구로구,천왕동,천왕역 4번출구 뒤,1953,20
451,구로구,천왕동,천왕연지타운2단지 앞,1952,15
452,구로구,천왕동,천왕이펜하우스 4단지 상가 앞,1951,20
453,구로구,천왕동,천왕이펜하우스5단지 앞,1981,10
454,금천구,가산동,LG전자 별관동(호서대 벤처타워 맞은편),1809,10
455,금천구,가산동,STX V타워,1835,10
456,금천구,가산동,가산동 주민센터,1841,10
457,금천구,가산동,가산디지털단지 7번출구,1851,10
458,금천구,가산동,갑을그레이트밸리 앞,1812,10
459,금천구,가산동,대륭테크노타운 18차,1859,20
460,금천구,가산동,대륭포스트타워5차,1849,10
461,금천구,가산동,독산근린공원 입구,1824,15
462,금천구,가산동,독산역 1번출구 앞 자전거보관소,1833,10
463,금천구,가산동,독산역 2번출구 자전거주차장,1804,10
464,금천구,가산동,두산위브아파트 옆 상가건물 앞,1814,8
465,금천구,가산동,벽산 디지털밸리 5차,1848,10
466,금천구,가산동,서울디지털운동장 앞,1805,10
467,금천구,가산동,솔브레인이엔지 뒤편,1840,20
468,금천구,가산동,수출의 다리 아래,1839,20
469,금천구,가산동,에이스하이엔드타워8차 앞,1808,20
470,금천구,가산동,에이스하이엔드타워9차 앞,1806,10
471,금천구,가산동,월드메르디앙 벤처센터 2차,1834,15
472,금천구,가산동,코오롱테크노밸리,1850,10
473,금천구,독산동,가산아네스트 오피스텔 앞,1854,10
474,금천구,독산동,금천구립 독산도서관,1836,7
475,금천구,독산동,독산고등학교,1843,10
476,금천구,독산동,독산보도육교 앞 자전거 보관소,1827,20
477,금천구,독산동,독산주공 14단지 버스정류소,1847,10
478,금천구,독산동,롯데캐슬골드파크1차 동문,1846,15
479,금천구,독산동,롯데캐슬골드파크1차 서문,1845,15
480,금천구,독산동,메이퀸웨딩컨벤션 앞,1831,10
481,금천구,독산동,모두의학교,1856,10
482,금천구,독산동,빅마켓 금천점 앞,1830,15
483,금천구,독산동,서울디자인직업전문학교 앞,1853,10
484,금천구,독산동,신한은행 시흥대로금융센터지점,1820,10
485,금천구,독산동,주공14단지,1857,15
486,금천구,독산동,한신아파트 앞 육교 아래,1825,10
487,금천구,독산동,한신코아 앞,1826,20
488,금천구,독산동,한양수자인아파트 앞,1828,10
489,금천구,독산동,홈플러스 금천점 앞,1829,10
490,금천구,시흥동,금천구청 앞 자전거거치대,1819,10
491,금천구,시흥동,금천폭포공원 앞,1816,20
492,금천구,시흥동,상신정비공업 앞,1823,20
493,금천구,시흥동,서울 시흥동우체국 앞,1822,10
494,금천구,시흥동,석수역1번출구 앞 (SK주유소),1858,10
495,금천구,시흥동,성지아파트 옆 도로변,1855,10
496,금천구,시흥동,한울중학교,1842,15
497,금천구,시흥동,혜명양로원 담장 옆,1852,10
498,금천구,시흥동,홈플러스 시흥점 맞은편 다비치안경 앞,1821,10
499,노원구,공릉동,공릉1단지아파트,1655,15
500,노원구,공릉동,공릉역 1번 출구 앞,1608,10
501,노원구,공릉동,과기대 입구(우),1611,20
502,노원구,공릉동,동해문화예술관앞,1663,20
503,노원구,공릉동,삼육대 도서관,1679,15
504,노원구,공릉동,삼육대 입구,1646,20
505,노원구,공릉동,삼육대 제3과학관,1680,10
506,노원구,공릉동,서울여대 남문,1642,7
507,노원구,공릉동,원자력 병원,1693,15
508,노원구,공릉동,육군사관학교  앞,1677,10
509,노원구,공릉동,태릉입구역 3번출구,1606,10
510,노원구,공릉동,태릉입구역 8번출구,1643,10
511,노원구,공릉동,화랑대역 2번출구 앞,1610,20
512,노원구,공릉등,태릉입구역 5번출구,1684,20
513,노원구,상계동,KT 노원점 건물 앞,1637,15
514,노원구,상계동,노원구청,1657,20
515,노원구,상계동,노원소방서인근,1666,10
516,노원구,상계동,노원역1번출구,1653,10
517,노원구,상계동,노원역5번출구,1673,16
518,노원구,상계동,노원역7번출구,1662,15
519,노원구,상계동,노원정보도서관,1691,10
520,노원구,상계동,노일초등학교 앞,1628,10
521,노원구,상계동,당고개공원 대여소,1634,15
522,노원구,상계동,당고개입구 오거리,1654,15
523,노원구,상계동,당현천근린공원,1661,10
524,노원구,상계동,도봉운전면허시험장,1690,10
525,노원구,상계동,마들역 3번출구,1689,10
526,노원구,상계동,마들역 7번출구,1688,9
527,노원구,상계동,맥도날드 상계점 앞,1651,20
528,노원구,상계동,백병원 사거리 농협은행 앞,1636,10
529,노원구,상계동,상계3.4동 주민센터 대여소,1635,11
530,노원구,상계동,상계동수락리버시티,1672,15
531,노원구,상계동,상계역(4번출구),1625,20
532,노원구,상계동,서울북부고용센터앞,1674,15
533,노원구,상계동,성서대학교 밀알관,1678,15
534,노원구,상계동,수락산역 4번출구,1627,12
535,노원구,상계동,수연빌딩 앞,1630,10
536,노원구,상계동,온곡초교 교차로,1692,10
537,노원구,상계동,온수골사거리(스타벅스앞),1686,10
538,노원구,상계동,중앙하이츠 아파트 입구,1656,10
539,노원구,상계동,파르코 앞,1652,10
540,노원구,상계동,희성오피앙,1639,10
541,노원구,월계동,광운대역 앞,1602,15
542,노원구,월계동,롯데캐슬 102동 코너(월계주유소건너),1603,10
543,노원구,월계동,석계역 문화광장 내 자전거 보관소,1601,20
544,노원구,월계동,월계문화체육센터,1675,14
545,노원구,월계동,인덕대학교,1671,15
546,노원구,월계동,한내근린공원 남측,1641,15
547,노원구,월계동,한내근린공원 북측,1640,10
548,노원구,월계동,헬스케어,1605,10
549,노원구,중계동,노원 구민회관,1623,20
550,노원구,중계동,노원문화예술회관,1683,10
551,노원구,중계동,노해근린공원내,1664,10
552,노원구,중계동,불암고등학교 앞 횡단보도,1685,8
553,노원구,중계동,양지근린공원앞,1665,10
554,노원구,중계동,중계근린공원내,1650,20
555,노원구,중계동,중계동 노원구민체육센터 옆(중1-2),1620,10
556,노원구,중계동,중계동 을지중학교,1659,10
557,노원구,중계동,중계동 하나프라자빌딩 앞(중1-1),1619,10
558,노원구,중계동,중계역 3번출구,1669,9
559,노원구,중계동,중계역 6번출구,1668,10
560,노원구,중계동,중계종합사회복지관 교차로,1682,13
561,노원구,중계동,중계중학교,1667,10
562,노원구,중계동,현대6차 아파트,1681,12
563,노원구,하계동,노원경찰서교차로,1670,15
564,노원구,하계동,서울시립과학관,1660,8
565,노원구,하계동,하계2동 공항버스정류장 옆,1616,10
566,노원구,하계동,하계동 중평어린이공원 앞,1617,20
567,도봉구,도봉동,도봉고등학교 맞은편,1731,15
568,도봉구,도봉동,도봉산광역환승센터앞,1703,15
569,도봉구,도봉동,도봉산역교차로 앞,1730,10
570,도봉구,도봉동,"도봉역 1,2번 출구사이 건너편",1735,13
571,도봉구,도봉동,서울도봉초등학교인근,1727,15
572,도봉구,도봉동,서울북부지방법원,1728,15
573,도봉구,도봉동,신도봉사거리 버스정류장,1719,10
574,도봉구,도봉동,파리바케트앞,1729,10
575,도봉구,방학동,기업은행 앞,1706,10
576,도봉구,방학동,도봉구청 옆(중랑천변),1720,20
577,도봉구,방학동,도봉구청 정문앞,1705,8
578,도봉구,방학동,방학동학마을도서관,1723,10
579,도봉구,방학동,방학사거리(봄마당 앞),1733,12
580,도봉구,방학동,우리은행 앞,1732,10
581,도봉구,쌍문동,북한산 코오롱 하늘채,1742,10
582,도봉구,쌍문동,삼익세라믹아파트교차로,1726,8
583,도봉구,쌍문동,서울특별시교육청도봉도서관,1715,20
584,도봉구,쌍문동,쌍문동 청소년 랜드,1713,10
585,도봉구,쌍문동,쌍문현대1차아파트 108동 앞,1734,10
586,도봉구,창동,녹천역 1번출구 앞,1702,10
587,도봉구,창동,도봉구민회관,1707,15
588,도봉구,창동,도봉문화정보도서관 삼거리,1714,10
589,도봉구,창동,버스정류장 앞,1736,12
590,도봉구,창동,보건소사거리(다비치안경창동점),1708,8
591,도봉구,창동,시립창동운동장 입구,1717,15
592,도봉구,창동,쌍문역4번출구 주변,1709,15
593,도봉구,창동,제일강산수산입구,1741,15
594,도봉구,창동,창1동주민센터,1725,10
595,도봉구,창동,창동역 2번출구,1721,12
596,도봉구,창동,창동주공17단지 상가앞,1738,10
597,도봉구,창동,창동청소년수련관,1722,15
598,도봉구,창동,하나로마트 창동점,1716,10
599,도봉구,창동,하나은행 (창동점),1737,8
600,동대문구,답십리동,답십리역 1번출구,631,15
601,동대문구,답십리동,답십리초등학교 앞(현대시장 옆),625,9
602,동대문구,답십리동,답십리초등학교 옆 공원,604,15
603,동대문구,답십리동,동대문중 교차로,610,10
604,동대문구,답십리동,신답역 사거리,642,7
605,동대문구,답십리동,청솔우성아파트 앞,617,20
606,동대문구,답십리동,촬영소 사거리,658,10
607,동대문구,신설동,신설동역 10번출구 앞,613,10
608,동대문구,신설동,신설동역8번출구,605,8
609,동대문구,왕산로,우리은행청량리지점앞,651,10
610,동대문구,용두동,동대문구 보건소,630,15
611,동대문구,용두동,동의보감타워,660,10
612,동대문구,용두동,시립동부병원 앞 사거리,612,20
613,동대문구,용두동,용두동 레미안허브리츠아파트 앞,615,20
614,동대문구,용두동,용두동 사거리,614,20
615,동대문구,용두동,용두역 4번출구,641,10
616,동대문구,용두동,용신동주민센터,601,10
617,동대문구,용두동,제기역1번출구,659,15
618,동대문구,이문동,신이문역 1번출구,647,10
619,동대문구,이문동,신이문역 2번출구,607,10
620,동대문구,이문동,외국어대 정문 앞,634,20
621,동대문구,장안동,군자교 서측 녹지대,626,10
622,동대문구,장안동,동대문구민체육센터 (육교아래),643,10
623,동대문구,장안동,동대문중학교 옆,621,13
624,동대문구,장안동,장안동 사거리,602,10
625,동대문구,장안동,장안동 위더스빌 옆,648,15
626,동대문구,장안동,장안동삼거리 교통섬,627,10
627,동대문구,장안동,장한평역 1번출구 (국민은행앞),646,10
628,동대문구,전농동,답십리 래미안엘파인아파트 입구,652,20
629,동대문구,전농동,동대문롯데캐슬아파트 앞,657,13
630,동대문구,전농동,서울시립대 정문 앞,623,20
631,동대문구,전농동,서울시립대 정보기술관,638,20
632,동대문구,전농동,서울시립대 후문,639,14
633,동대문구,전농동,시립대 앞,616,20
634,동대문구,전농동,전농동 동아아파트 앞,624,10
635,동대문구,전농동,전농동 텃골공원,654,10
636,동대문구,전농동,전농사거리 교통섬,622,15
637,동대문구,전농동,전농삼성아파트,608,10
638,동대문구,제기동,제기2교,609,20
639,동대문구,청량리동,KAIST 경영대학 앞,637,10
640,동대문구,청량리동,KEB하나은행 청량리역지점,640,6
641,동대문구,청량리동,세종대왕기념관 교차로,636,9
642,동대문구,청량리동,영휘원 교차로,656,10
643,동대문구,청량리동,청량리 기업은행 앞,633,8
644,동대문구,회기동,경희대학교 청운관,661,10
645,동대문구,회기동,시조사 앞 (청량고정문 옆),635,12
646,동대문구,휘경동,외대앞역 4번출구,663,10
647,동대문구,휘경동,중랑교사거리,650,20
648,동대문구,휘경동,휘경2동 주민센터,600,10
649,동대문구,휘경동,휘경공고앞,606,15
650,동대문구,휘경동,휘봉고등학교 앞,628,15
651,동작구,고덕동,LG전자 베스트 샾 대리점 앞,2067,10
652,동작구,노량진동,노량진동 맥도널드앞,2058,10
653,동작구,노량진동,노량진역 2번출구 앞,2070,12
654,동작구,노량진동,노량진역 5번출구,2050,10
655,동작구,노량진동,사육신공원앞,2003,10
656,동작구,노량진동,삼익아파트,2054,10
657,동작구,대방동,노량진근린공원 대방공원,2008,10
658,동작구,대방동,보라매역 8번출구,2009,10
659,동작구,대방동,서울시여성가족재단,2065,15
660,동작구,대방동,신대방삼거리역 3번출구쪽,2016,10
661,동작구,대방동,신대방삼거리역 6번출구쪽,2015,10
662,동작구,대방동,유한양행앞,2007,20
663,동작구,동작동,동작역 5번출구 동작주차공원,2037,20
664,동작구,동작동,동작역 7번출구,2038,10
665,동작구,방배동,정금마을 마을버스정류장,2036,20
666,동작구,본동,노들역 1번출구,2002,20
667,동작구,사당동,남성역3번출구 뒤,2060,10
668,동작구,사당동,대림아파트 후문 상가 옆,2071,10
669,동작구,사당동,사당동 아르테스 웨딩앞,2033,10
670,동작구,사당동,사당새마을금고,2062,10
671,동작구,사당동,사당역 7번출구쪽,2034,20
672,동작구,사당동,사당중학교 버스정류소,2041,10
673,동작구,사당동,삼일초등학교 인근,2048,10
674,동작구,사당동,이수역 11번출구쪽,2032,10
675,동작구,사당동,총신대 앞(육교),2068,12
676,동작구,상도1동,상도역 1번출구,2024,10
677,동작구,상도동,상도 아이파크 아파트,2057,10
678,동작구,상도동,숭실대 입구역 3번 출구 앞,2069,7
679,동작구,상도동,장승배기역 5번출구,2013,30
680,동작구,상도동,장승배기역2번출구뒷편쪽,2020,10
681,동작구,신길동,대방역 4번출구,2063,15
682,동작구,신대방동,녹십초요양병원앞,2012,10
683,동작구,신대방동,동작구민 체육센터,2056,10
684,동작구,신대방동,보라매공원 정문,2059,10
685,동작구,신대방동,양문교회 앞,2066,10
686,동작구,흑석동,비계 버스정류소,2040,10
687,동작구,흑석동,중앙대학교 정문,2027,15
688,동작구,흑석동,한강 현대아파트 건너편,2061,10
689,동작구,흑석동,흑석역 1번출구,2025,15
690,동작구,흑석동,흑석역 4번출구,2026,10
691,동작구,흑석동,흑석한강푸르지오 106동앞,2064,10
692,마포구,공덕동,공덕역 2번출구,143,9
693,마포구,공덕동,공덕역 5번출구,145,9
694,마포구,공덕동,공덕역 8번출구,144,10
695,마포구,공덕동,서울서부지방법원 앞,156,10
696,마포구,공덕동,서울신용보증재단,426,10
697,마포구,구수동,서강나루 공원,119,10
698,마포구,노고산동,대흥동 주민센터,136,7
699,마포구,노고산동,서강대역 2번출구 앞,150,15
700,마포구,노고산동,신촌역(2호선) 6번출구 옆,129,15
701,마포구,노고산동,신촌역(2호선) 7번출구 앞,130,10
702,마포구,노고산동,현대벤처빌 앞,127,15
703,마포구,당인동,제일빌딩 앞,109,10
704,마포구,대흥동,대흥역 1번출구,437,12
705,마포구,대흥동,서강대 후문 옆,126,20
706,마포구,대흥동,이대역 5번출구,436,10
707,마포구,도화동,마포역 1번출구 뒤,146,12
708,마포구,도화동,마포역 4번출구 뒤,147,7
709,마포구,동교동,홍대입구역 2번출구 앞,113,25
710,마포구,동교동,홍대입구역 8번출구 앞,114,15
711,마포구,마포동,마포어린이공원,439,10
712,마포구,망원동,SK망원동주유소 건너편,184,9
713,마포구,망원동,마포구민체육센터 앞,152,30
714,마포구,망원동,마포구청역,154,13
715,마포구,망원동,망원1동주민센터,151,10
716,마포구,망원동,망원2빗물펌프장 앞,182,10
717,마포구,망원동,망원역 2번출구 앞,103,14
718,마포구,망원동,망원초록길 입구,181,15
719,마포구,상수동,극동방송국 앞,112,10
720,마포구,상수동,상수역 2번출구 앞,111,10
721,마포구,상암동,DMC 첨단산업센터,425,10
722,마포구,상암동,DMC빌 앞,405,8
723,마포구,상암동,DMC산학협력연구센터 앞,412,20
724,마포구,상암동,DMC역 9번출구 앞,415,10
725,마포구,상암동,DMC홍보관,411,9
726,마포구,상암동,LG CNS앞,408,20
727,마포구,상암동,누리꿈스퀘어 옆,409,25
728,마포구,상암동,롯데하이마트 (상암월드컵점),424,15
729,마포구,상암동,마포구 육아종합지원센터,407,8
730,마포구,상암동,부엉이공원 앞,403,20
731,마포구,상암동,상암동주민센터 옆,414,8
732,마포구,상암동,상암월드컵파크 10단지 앞,401,15
733,마포구,상암동,상암월드컵파크 1단지 교차로,416,12
734,마포구,상암동,상암월드컵파크 3단지 후문,413,9
735,마포구,상암동,상암월드컵파크 7단지 앞,406,15
736,마포구,상암동,상암월드컵파크 9단지 앞,402,20
737,마포구,상암동,상암중학교 옆,410,10
738,마포구,상암동,상암한화오벨리스크 1차 앞,400,15
739,마포구,상암동,서울시 공공자전거 상암센터,420,40
740,마포구,상암동,월드컵공원,186,40
741,마포구,상암동,하늘공원 입구,440,15
742,마포구,서교동,망원역 1번출구 앞,102,20
743,마포구,서교동,서교동 사거리,108,10
744,마포구,서교동,신한은행 서교동금융센터점 앞,107,5
745,마포구,서교동,합정역 1번출구 앞,104,13
746,마포구,성산동,가좌역1 번출구 뒤,155,15
747,마포구,성산동,마포구청 앞,421,8
748,마포구,성산동,마포중앙도서관,432,10
749,마포구,성산동,문화비축기지,422,13
750,마포구,성산동,서울 월드컵 경기장,199,30
751,마포구,성산동,성산2-1 공영주차장,438,15
752,마포구,성산동,성산2교 사거리,153,10
753,마포구,성산동,성산시영아파트,427,10
754,마포구,성산동,월드컵경기장역 3번출구 옆,418,10
755,마포구,성산동,홈플러스 앞,419,21
756,마포구,신수동,마포소방서 앞,121,15
757,마포구,신수동,서강대 남문 옆,125,15
758,마포구,신수동,서강대 정문 건너편,124,20
759,마포구,신수동,신성기사식당 앞,122,10
760,마포구,신수동,신수동 사거리,120,5
761,마포구,아현동,아현역 4번출구 앞,142,11
762,마포구,아현동,애오개역 4번출구 앞,157,12
763,마포구,연남동,하늘채코오롱아파트 건너편,183,15
764,마포구,용강동,용강동 주민센터 앞,148,11
765,마포구,증산동,DMC역 2번출구 옆,417,20
766,마포구,창전동,광흥창역 2번출구 앞,118,10
767,마포구,합정동,(구)합정동 주민센터,101,5
768,마포구,합정동,합정역 5번출구 앞,105,5
769,마포구,합정동,합정역 7번출구 앞,106,10
770,마포구,현석동,마포 신수공원 앞,185,15
771,서대문구,남가좌동,가재울 뉴타운 주유소 옆,170,10
772,서대문구,남가좌동,가좌역 4번출구 앞,179,15
773,서대문구,남가좌동,남가좌동 사거리,168,20
774,서대문구,남가좌동,명지대학교 도서관,176,10
775,서대문구,대신동,봉원고가차도 밑,162,15
776,서대문구,대현동,NH농협 신촌지점 앞,137,10
777,서대문구,대현동,이대역 4번 출구,159,7
778,서대문구,미근동,임광빌딩 앞,171,10
779,서대문구,북가좌동,북가좌 삼거리,169,15
780,서대문구,북가좌동,북가좌 초등학교,177,8
781,서대문구,북가좌동,북가좌1동 주민센터,164,10
782,서대문구,북가좌동,서우빌딩(바른학원),191,10
783,서대문구,북가좌동,신촌동 제1공영주차장 앞,138,10
784,서대문구,북가좌동,연가초등학교 옆,167,15
785,서대문구,북가좌동,중앙근린공원,165,20
786,서대문구,북가좌동,증산2교,131,23
787,서대문구,북가좌동,증산3교 앞,178,10
788,서대문구,북가좌동,증산교 앞,194,10
789,서대문구,북가좌동,해담는다리,133,15
790,서대문구,북아현동,e편한세상 신촌4단지 앞,3104,13
791,서대문구,북아현동,북성초교,3100,8
792,서대문구,북아현동,북아현동 가구거리,160,20
793,서대문구,신촌동,연대 대운동장 옆,141,20
794,서대문구,신촌동,이화여대 후문,140,20
795,서대문구,연희동,가재울 초등학교,166,20
796,서대문구,연희동,모래내고가차도,195,10
797,서대문구,연희동,사천교,110,20
798,서대문구,연희동,서대문구청,3101,15
799,서대문구,연희동,연서어린이공원,192,10
800,서대문구,연희동,연희교차로 인근,196,10
801,서대문구,연희동,연희삼거리,3102,10
802,서대문구,연희동,연희초등학교 앞,3107,7
803,서대문구,연희동,일진아이윌아파트 옆,116,5
804,서대문구,연희동,홍남교 두바퀴쉼터,3106,12
805,서대문구,영천동,독립문 어린이 공원,158,15
806,서대문구,창천동,명물길 원형무대 앞,135,10
807,서대문구,창천동,사루비아 빌딩 앞,115,15
808,서대문구,창천동,신촌역(2호선) 1번출구 옆,128,20
809,서대문구,창천동,연세대 정문 건너편,139,13
810,서대문구,창천동,연세로 명물길,134,8
811,서대문구,충정로2가,서대문역 8번출구 앞,173,8
812,서대문구,충정로3가,충정2교,198,15
813,서대문구,충정로3가,충정로역 7번출구 뒤,180,10
814,서대문구,홍은동,명지전문대학교 정문 앞,163,7
815,서대문구,홍은동,홍연2교옆,175,20
816,서대문구,홍은동,홍은동 정원여중 입구,188,10
817,서대문구,홍은동,홍은사거리,117,25
818,서대문구,홍은동,홍은센트레빌 아파트 앞,3105,12
819,서대문구,홍제동,무악재역1번 출구,161,8
820,서대문구,홍제동,문화촌 공원,123,20
821,서대문구,홍제동,홍제삼거리 북측,3103,8
822,서초구,개포동,구룡사 삼거리,2258,20
823,서초구,내곡동,내곡3단지 어린이공원 앞,2205,15
824,서초구,내곡동,내곡파출소 뒤 정자,2207,9
825,서초구,내곡동,능안마을입구,2287,10
826,서초구,내곡동,안골마을입구,2288,10
827,서초구,내곡동,언남초등학교 앞,2206,20
828,서초구,도곡동,양재전화국 사거리,2241,10
829,서초구,반포동,KT 서초지사 앞,2235,15
830,서초구,반포동,KT반포지사,2509,16
831,서초구,반포동,고속터미널역 5번출구 앞,2213,20
832,서초구,반포동,"고속터미널역 8-1번, 8-2번 출구 사이",2219,20
833,서초구,반포동,반포1동 서초빌딩 앞,2503,10
834,서초구,반포동,반포1동 주민센터 앞,2210,15
835,서초구,반포동,반포본동 주민센터 앞,2220,10
836,서초구,반포동,반포종합운동장 입구,2215,10
837,서초구,반포동,서래마을파리15구공원앞,2290,10
838,서초구,반포동,서초구립반포도서관 앞,2211,10
839,서초구,반포동,신반포역 2번출구 앞,2214,15
840,서초구,방배동,CJ오쇼핑앞,2284,10
841,서초구,방배동,LG유플러스(방배사옥),2506,10
842,서초구,방배동,그룹한빌딩옆,2283,10
843,서초구,방배동,남태령역 2번출구,2289,10
844,서초구,방배동,내방역 8번출구 앞,2271,8
845,서초구,방배동,뒷벌공원 옆,2228,20
846,서초구,방배동,로고스교회 맞은 편,2229,10
847,서초구,방배동,방배래미안 정문 앞,2223,20
848,서초구,방배동,방배래미안아트힐 101동앞,2282,15
849,서초구,방배동,방배열린문화센터 앞,2227,15
850,서초구,방배동,백석예술대학교 제3캠퍼스 앞,2225,15
851,서초구,방배동,서초신동아1차아파트 옆,2233,20
852,서초구,방배동,신동아럭스빌아파트 앞,2226,15
853,서초구,방배동,연세사랑병원신관앞,2281,7
854,서초구,방배동,이수고가차도 남단,2265,10
855,서초구,방배동,이수역 1번출구,2264,9
856,서초구,방배동,이수역 6번출구 앞,2511,20
857,서초구,방배동,하나은행 방배동지점 앞,2221,15
858,서초구,사당동,사당역 12번출구 뒤,2222,10
859,서초구,사당동,이수역 4번 출구,2230,20
860,서초구,서초동,JW타워,2510,8
861,서초구,서초동,교대역 5번출구뒤,2279,10
862,서초구,서초동,교대역 6번출구,2239,10
863,서초구,서초동,교대입구 교차로,2272,10
864,서초구,서초동,남부터미널역 1번출구,2297,10
865,서초구,서초동,래미안서초스위트앞,2298,12
866,서초구,서초동,무지개아파트 앞,2292,15
867,서초구,서초동,삼성타운(삼성생명) A동 맞은편,2231,15
868,서초구,서초동,서울남부터미널 대합실 입구,2237,20
869,서초구,서초동,서울서초고용센터 앞,2280,10
870,서초구,서초동,서초4동주민센터,2268,10
871,서초구,서초동,서초역 3번출구,2266,15
872,서초구,서초동,서초역1번출구 앞,2502,9
873,서초구,서초동,서초현대4차아파트 201동 맞은편,2212,20
874,서초구,서초동,양재역 11번 출구 앞,2242,20
875,서초구,서초동,우성아파트사거리B(기업은행앞),2505,12
876,서초구,서초동,한전아트센터 앞,2299,12
877,서초구,신원동,본마을 정류소 앞,2201,20
878,서초구,신원동,서초 포레스타5단지,2501,10
879,서초구,신원동,서초포레스타 7단지,2270,10
880,서초구,신원동,청계산입구역 1번출구,2202,20
881,서초구,신원동,청계산입구역 2번출구,2203,20
882,서초구,양재동,SPC 앞,2293,10
883,서초구,양재동,더케이호텔 입구(양재2),2251,10
884,서초구,양재동,두상빌딩 앞,2294,15
885,서초구,양재동,서울가정법원,2243,15
886,서초구,양재동,시민의숲역 1번출구 옆,2255,25
887,서초구,양재동,양재동 꽃시장 입구,2256,10
888,서초구,양재동,양재시민의숲역 3번출구,2274,10
889,서초구,양재동,양재이스타빌 앞,2508,10
890,서초구,양재동,양재초등학교 맞은편,2245,20
891,서초구,양재동,영동1교 (양재천근린공원),2276,15
892,서초구,양재동,일동제약 사거리,2273,10
893,서초구,양재동,하나로클럽 양재점 맞은편,2257,10
894,서초구,양재동,하이브랜드 앞,2252,25
895,서초구,염곡동,염곡치안센터 건너편,2275,10
896,서초구,염곡동,탑성마을입구,2286,10
897,서초구,우면동,LH서초3단지 301동 맞은편,2285,15
898,서초구,우면동,교육개발원입구 교차로,2244,20
899,서초구,우면동,바우뫼문화복지회관,2263,20
900,서초구,우면동,서울시 품질시험소 앞,2246,15
901,서초구,우면동,서초리슈빌S 글로벌 앞,2248,10
902,서초구,우면동,서초유치원 맞은편,2250,10
903,서초구,우면동,섬들근린공원,2247,25
904,서초구,우면동,우솔초등학교 맞은편,2249,10
905,서초구,잠원동,길마중4교 하부,2277,10
906,서초구,잠원동,신사역 4번출구 뒤,2504,10
907,서초구,잠원동,아크로리버뷰 부지 앞,2217,20
908,서초구,잠원동,잠원역 3번-4번 출구사이,2259,15
909,서초구,잠원동,주홍교 하부,2269,10
910,서초구,잠원동,한신16차아파트 119동 앞,2262,20
911,성동구,금호동1가,논골사거리(금호도서관 입구),3531,15
912,성동구,금호동2가,금호사거리,534,20
913,성동구,금호동2가,래미안금호하이리버 아파트 102동 옆,524,10
914,성동구,금호동2가,신금호역 3번출구 뒤,580,6
915,성동구,금호동3가,금호역 1번출구 앞,522,9
916,성동구,금호동4가,금호스포츠센터앞,3525,15
917,성동구,금호동4가,금호역 3번출구,564,15
918,성동구,금호동4가,달맞이공원,556,20
919,성동구,금호동4가,우리은행 금호동 지점 앞,533,7
920,성동구,마장동,마장동 주민센터,586,10
921,성동구,마장동,마장역 4번출구,579,8
922,성동구,마장동,서울시설공단 앞,550,15
923,성동구,마장동,청계천 박물관 앞,518,20
924,성동구,마장동,청계천 생태교실 앞,583,20
925,성동구,사근동,사근삼거리,3522,9
926,성동구,상왕십리동,왕십리교회옆,3514,10
927,성동구,성수동1가,경일중학교 앞,582,10
928,성동구,성수동1가,뚝섬역 1번 출구 옆,512,15
929,성동구,성수동1가,뚝섬역 5번 출구 정류소 옆,513,13
930,성동구,성수동1가,서울숲 IT캐슬,3538,14
931,성동구,성수동1가,서울숲 관리사무소,3515,20
932,성동구,성수동1가,서울숲 남문 버스정류소 옆,510,10
933,성동구,성수동1가,서울숲역 2번출구 앞,561,10
934,성동구,성수동1가,서울숲역 4번 출구 옆,511,16
935,성동구,성수동2가,KEB하나은행 성수중앙지점,587,10
936,성동구,성수동2가,성동세무서 건너편,563,10
937,성동구,성수동2가,성수2가1동 공영주차장 인근,585,9
938,성동구,성수동2가,성수사거리 버스정류장 앞,514,7
939,성동구,성수동2가,성수아이에스비즈타워 앞,507,7
940,성동구,성수동2가,성수아카데미타워 앞,508,10
941,성동구,성수동2가,성수역 2번출구 앞,567,15
942,성동구,성수동2가,성수역3번출구,589,8
943,성동구,성수동2가,이마트 버스정류소 옆,509,20
944,성동구,송정동,군자지하보도 앞,562,10
945,성동구,송정동,금호 어울림 아파트 앞,506,7
946,성동구,송정동,비전교회 앞,560,8
947,성동구,송정동,성동세무서 부근,578,8
948,성동구,신설동,청계8가사거리 부근,568,10
949,성동구,옥수동,옥수동성당 옆,523,11
950,성동구,옥수동,옥수역 3번출구,565,20
951,성동구,용답동,답십리역 8번출구 앞,538,15
952,성동구,용답동,용답역 1번 출구,3519,10
953,성동구,용답동,용답초등학교,581,13
954,성동구,용답동,용답토속공원 앞,526,10
955,성동구,용답동,장한평역 8번 출구 앞,529,15
956,성동구,용답동,중랑물재생센터(서울새활용플라자),594,15
957,성동구,응봉동,응봉삼거리,535,16
958,성동구,응봉동,응봉역 1번출구,3511,10
959,성동구,응봉동,응봉현대아파트 정류소,569,10
960,성동구,하왕십리동,상왕십리역 1번출구,3513,10
961,성동구,하왕십리동,상왕십리역 4번 출구 앞,520,10
962,성동구,하왕십리동,왕십리 자이아파트,3527,8
963,성동구,하왕십리동,왕십리KCC스위첸아파트,3532,15
964,성동구,하왕십리동,왕십리자이아파트 후문(삼거리),3530,15
965,성동구,하왕십리동,청계벽산아파트 앞,530,9
966,성동구,행당동,성동광진 교육지원청 앞,558,20
967,성동구,행당동,왕십리역 11번 출구 앞,521,14
968,성동구,행당동,왕십리역 4번 출구 건너편,559,10
969,성동구,행당동,한양대병원사거리,525,20
970,성동구,행당동,한양대후문역 부근,537,10
971,성동구,행당동,행당역 2번출구 앞,536,8
972,성동구,홍익동,도선동 주민센터 앞,557,10
973,성동구,홍익동,양지사거리,519,20
974,성북구,길음동,길음8골어린이공원 옆,1346,15
975,성북구,길음동,길음래미안아파트817동 상가 앞,1347,20
976,성북구,길음동,길음문화복합미디어센터,1367,15
977,성북구,길음동,길음역 3번출구 뒤,1318,10
978,성북구,길음동,미아사거리,1369,15
979,성북구,길음동,성북제일새마을금고 본점 앞,1348,12
980,성북구,돈암동,금호어울림센터힐 내,1353,8
981,성북구,돈암동,아리랑시네센터 앞,1344,10
982,성북구,동선동2가,돈암성당 옆,1337,10
983,성북구,동선동2가,보문2교,1355,20
984,성북구,동선동3가,성신여대입구 교차로,1368,10
985,성북구,동소문동1가,한성대7번출구 앞,1343,10
986,성북구,동소문동1가,한성대입구역6번출구 뒤,1302,5
987,성북구,동소문동2가,한성대입구역2번출구,1306,10
988,성북구,동소문동6가,돈암초교 입구,1303,10
989,성북구,보문동3가,e 편한세상 보문아파트 내,1352,8
990,성북구,삼선동4가,성북3교 위,1336,20
991,성북구,삼선동5가,성북구청,1305,15
992,성북구,상월곡동,상월곡역 1번출구,1326,10
993,성북구,상월곡동,상월곡역 3번출구,1327,10
994,성북구,상월곡동,상월곡역 4번출구,1325,10
995,성북구,석관동,석관동주민센터 앞,1334,10
996,성북구,석관동,석관초등학교 앞,1333,15
997,성북구,성북동,만해공원,1304,15
998,성북구,성북동,복자사랑 피정의 집,1370,20
999,성북구,성북동,선잠단지 앞,1365,15
1000,성북구,성북동,성북쉼터 앞,1342,15
1001,성북구,성북동,홍익중고 입구,1361,20
1002,성북구,성북동1가,성북동 치안센터 앞,1364,10
1003,성북구,신설동,보문4교 인근,1363,15
1004,성북구,신설동,보문역6번출구 앞,1362,10
1005,성북구,안암동2가,용문2교 옆,1338,15
1006,성북구,안암동4가,SK제삼주유소 앞,1351,8
1007,성북구,안암동5가,KEB은행 고대점,1372,15
1008,성북구,안암동5가,안암로터리 버스정류장 앞,1308,18
1009,성북구,월계동,석계역 5번출구 건너편,1332,10
1010,성북구,장위동,광운초등학교 앞,1340,11
1011,성북구,장위동,월계2교 버스정류장 앞,1349,10
1012,성북구,장위동,장위뉴타운 꿈에 숲 코오롱 하늘채 앞,1359,20
1013,성북구,정릉동,고려사대부속중고 건너편,1316,20
1014,성북구,정릉동,고려사대부속중고 정문,1315,10
1015,성북구,정릉동,북한산보국문역,1357,20
1016,성북구,정릉동,정릉꿈에그린1단지 201동 앞,1314,8
1017,성북구,정릉동,정릉도서관 앞,1358,7
1018,성북구,정릉동,정릉역,1360,10
1019,성북구,종암동,고려대학교 2번출구,1354,18
1020,성북구,종암동,국민은행 종암동지점 앞,1321,14
1021,성북구,종암동,래미안라센트아파트 103동 앞,1322,10
1022,성북구,종암동,일신초등학교 옆,1366,10
1023,성북구,종암동,종암 농협지점 앞,1320,10
1024,성북구,종암동,종암사거리 분수대,1319,10
1025,성북구,하월곡동,삼성전자서비스 성북센터,1339,9
1026,성북구,하월곡동,생명의 전화 종합복지관 앞 교차로,1375,20
1027,성북구,하월곡동,성북구보건소 건너편,1373,8
1028,성북구,하월곡동,월곡역 3번출구,1328,10
1029,성북구,하월곡동,월곡역 입구 육교 밑,1323,10
1030,성북구,하월곡동,한국과학기술연구원 정문,1376,7
1031,성북구,하월곡동,한국과학기술연구원 후문,1377,10
1032,송파구,가락동,가락삼환아파트 앞,2617,15
1033,송파구,가락동,가락시장역 3번 출구,1201,10
1034,송파구,가락동,가락시장역 롯데마트앞,1257,20
1035,송파구,가락동,문정·가락 대여소 앞,2612,10
1036,송파구,가락동,밀리아나2빌딩 앞,1203,20
1037,송파구,가락동,송파역 2번 출구앞,1212,10
1038,송파구,가락동,송파중학교 정문,1230,10
1039,송파구,가락동,오금역 3번 출구 뒤,1253,10
1040,송파구,거여동,거여동 사거리,2616,20
1041,송파구,거여동,거여역 3번출구,1204,10
1042,송파구,거여동,거여역 8번출구 뒤,1227,10
1043,송파구,거여동,마천사거리,1228,10
1044,송파구,거여동,송파체육문화회관 앞,1229,15
1045,송파구,거여동,위례동주민센터 맞은편 근린공원,2606,10
1046,송파구,마천동,마천CU우방점 앞,1207,10
1047,송파구,마천동,마천금호어울림 1차아파트 건너편,1279,10
1048,송파구,마천동,송파소방서 맞은편(성내4교),1282,10
1049,송파구,마천동,송파파크데일 2단지입구 앞 주차장,1280,20
1050,송파구,문정동,문정 법조단지11,1247,15
1051,송파구,문정동,문정 법조단지3,1239,20
1052,송파구,문정동,문정 법조단지4,1240,10
1053,송파구,문정동,문정 법조단지5,1241,15
1054,송파구,문정동,문정 법조단지6,1242,15
1055,송파구,문정동,문정 법조단지7,1243,20
1056,송파구,문정동,문정 법조단지8,1244,7
1057,송파구,문정동,문정 법조단지9,1245,10
1058,송파구,문정동,문정2동 주민센터,1250,10
1059,송파구,문정동,문정동 근린공원,1265,10
1060,송파구,문정동,문정동 글샘 공원,1266,10
1061,송파구,문정동,문정중교 사거리,1288,15
1062,송파구,문정동,문정현대아파트 교차로,1256,8
1063,송파구,문정동,테라타워2,2615,15
1064,송파구,방이동,몽촌토성역 1번출구 옆,1268,15
1065,송파구,방이동,방이동 한양3차아파트 옆,1260,8
1066,송파구,방이동,방이역 4번출구,1218,12
1067,송파구,방이동,방이초등학교,1248,20
1068,송파구,방이동,보성중고등학교 후문 앞,2609,10
1069,송파구,방이동,서울체육고등학교 앞,1291,10
1070,송파구,방이동,송파구청 교차로,1278,10
1071,송파구,방이동,송파나루역 4번 출구옆,2620,15
1072,송파구,방이동,오륜사거리,1300,15
1073,송파구,방이동,올림픽공원 남2문 앞,1267,15
1074,송파구,방이동,올림픽공원역 1번출구 앞,1215,15
1075,송파구,방이동,올림픽공원역 3번출구,2622,20
1076,송파구,방이동,한성백제역 2번 출구,2621,15
1077,송파구,삼전동,석촌고분역 4번출구,2619,9
1078,송파구,삼전동,석촌호교차로(스타벅스 앞),1293,10
1079,송파구,송파구,가락미륭아파트 앞,1258,10
1080,송파구,송파동,가락고등학교 앞,2614,15
1081,송파구,송파동,방이삼거리,1211,7
1082,송파구,송파동,석촌역 2번출구,1251,10
1083,송파구,송파동,송파여성문화회관 앞,1262,10
1084,송파구,송파동,여흥레이크빌 앞(석촌호수 까페거리),2610,10
1085,송파구,신천동,롯데월드타워(잠실역2번출구 쪽),1210,30
1086,송파구,신천동,송파구청,2608,15
1087,송파구,신천동,잠실4동 주민센터 옆,1226,10
1088,송파구,신천동,잠실나루역 (2번 출구 쪽),1209,20
1089,송파구,신천동,잠실역 8번출구,1295,20
1090,송파구,오금동,거여초등학교 옆,1275,15
1091,송파구,오금동,방이역 1번출구,1259,15
1092,송파구,오금동,백토공원 앞,1213,20
1093,송파구,오금동,송파도서관,1271,15
1094,송파구,오금동,오금공원 사거리,1283,8
1095,송파구,오금동,오금동 송파 참병원,1277,8
1096,송파구,오금동,오금역 7번 출구 인근,1214,10
1097,송파구,잠실동,9호선종합운동장역 9번출구,1206,20
1098,송파구,잠실동,롯데마트 주차장 옆,1232,10
1099,송파구,잠실동,리센츠아파트,1269,10
1100,송파구,잠실동,삼전사거리 포스코더샵,1221,10
1101,송파구,잠실동,삼전역 1번출구,2618,15
1102,송파구,잠실동,석촌호수 서호사거리,2601,10
1103,송파구,잠실동,석촌호수교차로(동호 팔각정 앞),1297,10
1104,송파구,잠실동,석촌호수교차로(송파나루근린공원 앞),1296,10
1105,송파구,잠실동,송파소방서(방이119안전센터),1299,15
1106,송파구,잠실동,아시아지하보도 2번 출구,1224,15
1107,송파구,잠실동,아주중학교건너편,1249,10
1108,송파구,잠실동,잠실3거리(갤러리아팰리스),1233,9
1109,송파구,잠실동,잠실나들목,2613,14
1110,송파구,잠실동,잠실본동주민센터뒤 잠실근린공원,1220,15
1111,송파구,잠실동,잠실새내역 5번 출구 뒤,1222,15
1112,송파구,잠실동,잠실역 6번출구,1231,10
1113,송파구,잠실동,잠실트리지움310동 옆,1235,15
1114,송파구,잠실동,종합운동장역 4번출구,1205,15
1115,송파구,장지동,문정 법조단지10,1246,30
1116,송파구,장지동,복정역 1번 출구 앞,2605,15
1117,송파구,장지동,복정역 2번출구 후문(장지치안센터),2607,15
1118,송파구,장지동,송파 글마루 도서관,2603,10
1119,송파구,장지동,송파파인타운 7단지,1217,15
1120,송파구,장지동,위례별 유치원 뒤,1285,15
1121,송파구,장지동,위례송파꿈에그린아파트24단지 앞 성벽 다리 밑,1290,10
1122,송파구,장지동,위례아이파크 101동 맞은편,1287,8
1123,송파구,장지동,위례중앙푸르지오 1단지 앞,1286,10
1124,송파구,장지동,장지공영차고지,1263,10
1125,송파구,풍납동,삼표레이콘 앞,2604,10
1126,송파구,풍납동,송파지역자활센터 뒤,2611,7
1127,송파구,풍납동,영파여고 앞,1274,20
1128,송파구,풍납동,천호역 10번 출구 앞,1264,8
1129,송파구,풍납동,풍납동 자전거보관소,1289,10
1130,송파구,풍납동,풍납현대아파트쉼터,1208,20
1131,양천구,목동,KB국민은행 염창역 지점 앞,700,20
1132,양천구,목동,SBS방송국,723,15
1133,양천구,목동,등촌역 5번 출구 뒤,742,10
1134,양천구,목동,목4동주민센터 옆,702,16
1135,양천구,목동,목동1단지아파트 118동 앞(월촌초등학교 정류소 옆),754,10
1136,양천구,목동,목동1단지아파트 상가 앞(월촌중학교 버스정류소 옆),755,10
1137,양천구,목동,목동2단지 상가,746,10
1138,양천구,목동,목동3단지 상가,747,10
1139,양천구,목동,목동3단지 시내버스정류장,726,15
1140,양천구,목동,목동사거리 부근,701,8
1141,양천구,목동,목동운동장,748,15
1142,양천구,목동,목동주차장,756,10
1143,양천구,목동,목동청소년수련관,764,30
1144,양천구,목동,서울시 도로환경관리센터,731,10
1145,양천구,목동,성원2차 아파트,752,10
1146,양천구,목동,신목동역 2번 출구,744,10
1147,양천구,목동,신목동역 3번출구,766,15
1148,양천구,목동,영도초등학교,735,10
1149,양천구,목동,오목교역 3번출구,765,10
1150,양천구,목동,오목교역 7번출구 앞,703,12
1151,양천구,목동,오목로 무중력지대 앞,762,10
1152,양천구,목동,이대 목동병원 앞,749,10
1153,양천구,목동,홍익병원앞 교차로,719,10
1154,양천구,신월동,강서초등학교,745,10
1155,양천구,신월동,강월초교입구 사거리,712,14
1156,양천구,신월동,보아스아파트 앞,759,9
1157,양천구,신월동,서울강월초등학교 앞,720,10
1158,양천구,신월동,신월동 이마트,732,10
1159,양천구,신월동,신월사거리,739,15
1160,양천구,신월동,신일해피트리아파트 앞,711,20
1161,양천구,신월동,신정네거리역,706,15
1162,양천구,신월동,양서중학교 옆,713,20
1163,양천구,신월동,오솔길공원,736,10
1164,양천구,신월동,으뜸공원,740,10
1165,양천구,신월동,장수공원,737,10
1166,양천구,신월동,한국SGI 양천문화회관 앞,714,10
1167,양천구,신월동,화곡로 입구 교차로,741,10
1168,양천구,신정동,LG전자베스트샵 신정점,722,10
1169,양천구,신정동,계남공원 입구 주출입구 좌측,724,15
1170,양천구,신정동,남부법원검찰청 교차로,704,15
1171,양천구,신정동,목동11단지 아파트,763,10
1172,양천구,신정동,서부식자재마트 건너편,729,10
1173,양천구,신정동,서부화물트럭터미널 사거리,710,12
1174,양천구,신정동,서울출입국관리사무소 앞,708,16
1175,양천구,신정동,신정3동 현장민원실 앞,709,20
1176,양천구,신정동,신정3동주민센터,707,10
1177,양천구,신정동,신정6동 주민센터 인근,716,15
1178,양천구,신정동,신정이펜하우스1단지아파트 입구 사거리,757,10
1179,양천구,신정동,신정이펜하우스314동,733,10
1180,양천구,신정동,신트리공원 입구,734,10
1181,양천구,신정동,양강중학교앞 교차로,725,15
1182,양천구,신정동,연의근린공원 건너편,750,10
1183,양천구,신정동,잣절보도육교 아래,760,10
1184,양천구,신정동,한사랑교회 앞,758,10
1185,양천구,신정동,현대6차아파트 101동 옆,743,10
1186,영등포구,당산동,충북 미래관,293,15
1187,영등포구,당산동2가,교보생명보험 앞,264,15
1188,영등포구,당산동2가,영등포유통상가 사거리,265,15
1189,영등포구,당산동3가,영등포구청역 1번출구,230,10
1190,영등포구,당산동4가,삼성생명 당산사옥 앞,245,10
1191,영등포구,당산동4가,제2구민체육센타 앞,238,10
1192,영등포구,당산동5가,당산역 10번출구 앞,247,15
1193,영등포구,당산동6가,그랜드컨벤션센터 앞,268,6
1194,영등포구,당산동6가,당산육갑문,272,20
1195,영등포구,대림동,당산동 SK V1 빌딩,290,12
1196,영등포구,대림동,대림3동사거리,289,10
1197,영등포구,대림동,대림3동사거리(하나은행),285,8
1198,영등포구,대림동,신동아아파트 앞,281,8
1199,영등포구,대림동,신한은행,282,10
1200,영등포구,대림동,우성아파트 교차로,286,8
1201,영등포구,도림동,동아에코빌입구,256,10
1202,영등포구,도림동,신길우성1차아파트 앞 공원,241,10
1203,영등포구,도림동,쌍용플레티넘오피스텔,278,10
1204,영등포구,문래동3가,문래동 하이테크 시티,291,14
1205,영등포구,문래동3가,문래동자이아파트 앞,236,10
1206,영등포구,문래동3가,문래역 4번출구 앞,240,10
1207,영등포구,문래동4가,근로자회관 사거리,263,12
1208,영등포구,문래동6가,영문초등학교 사거리,262,12
1209,영등포구,신길동,대림아파트 사거리,250,10
1210,영등포구,신길동,대방역6번출구,259,17
1211,영등포구,신길동,도림4거리,255,10
1212,영등포구,신길동,도림신협 앞,254,10
1213,영등포구,신길동,보라매 두산위브 건너편,237,20
1214,영등포구,신길동,보라매역4번출구,252,10
1215,영등포구,신길동,서울지방병무청 버스정류장,251,10
1216,영등포구,신길동,신길동 우리은행 옆,235,10
1217,영등포구,신길동,신길삼거리(우리은행),257,10
1218,영등포구,신길동,신길선원가와인아파트 앞,242,15
1219,영등포구,신길동,신풍역 5번출구 인근,253,10
1220,영등포구,신길동,영등포구민체육센터 앞,234,10
1221,영등포구,양평동,양평동6차현대아파트 앞,280,10
1222,영등포구,양평동1가,남부고용노동지청 남측,231,10
1223,영등포구,양평동1가,신동아아파트,275,10
1224,영등포구,양평동3가,YP 센터 앞,233,10
1225,영등포구,양평동3가,양평우림 이비즈센타 앞,232,20
1226,영등포구,양평동3가,이앤씨드림타워 앞,243,15
1227,영등포구,양평동4가,삼성화재 사옥 옆,267,10
1228,영등포구,양평동4가,선유도역 3번출구 앞,228,10
1229,영등포구,양평동4가,양평1 보행육교 앞,229,20
1230,영등포구,양화동,양평2나들목 보행통로 입구,227,10
1231,영등포구,여의도동,IFC몰,210,21
1232,영등포구,여의도동,KBS 앞,206,35
1233,영등포구,여의도동,KT앞,213,15
1234,영등포구,여의도동,NH농협은행 앞,217,10
1235,영등포구,여의도동,국민일보 앞,202,30
1236,영등포구,여의도동,국회의사당역 3번출구 옆,203,15
1237,영등포구,여의도동,국회의사당역 5번출구 옆,204,13
1238,영등포구,여의도동,국회의원회관,200,20
1239,영등포구,여의도동,금융감독원 앞,214,20
1240,영등포구,여의도동,롯데캐슬 앞,224,20
1241,영등포구,여의도동,롯데캐슬엠파이어 옆,219,12
1242,영등포구,여의도동,미성아파트 A동 앞,220,30
1243,영등포구,여의도동,산업은행 앞,205,20
1244,영등포구,여의도동,삼부아파트1동 앞,216,10
1245,영등포구,여의도동,샛강생태공원방문자센터 앞,271,10
1246,영등포구,여의도동,샛강역 1번출구 앞,226,20
1247,영등포구,여의도동,시범아파트버스정류장 옆,222,12
1248,영등포구,여의도동,앙카라공원 앞,225,26
1249,영등포구,여의도동,여의나루역 1번출구 앞,207,40
1250,영등포구,여의도동,여의도 마리나선착장 앞,260,15
1251,영등포구,여의도동,여의도고교 앞,215,10
1252,영등포구,여의도동,여의도역 1번출구 옆,212,35
1253,영등포구,여의도동,여의도역 4번출구 옆,211,13
1254,영등포구,여의도동,여의도중학교 옆,249,8
1255,영등포구,여의도동,여의도초교 앞,221,10
1256,영등포구,여의도동,유진투자증권빌딩 앞,209,12
1257,영등포구,여의도동,증권거래소 앞,218,20
1258,영등포구,여의도동,증권거래소후문교차로,270,10
1259,영등포구,여의도동,진미파라곤 앞,201,15
1260,영등포구,여의도동,진주아파트상가 앞,223,20
1261,영등포구,여의도동,초원아파트 앞,248,10
1262,영등포구,영등포동,영등포 푸르지오 아파트,279,15
1263,영등포구,영등포동,영등포역지하쇼핑센타 5번출구,274,10
1264,영등포구,영등포동,영일 어린이공원,292,10
1265,영등포구,영등포동1가,SK 영등포주유소,276,10
1266,영등포구,영등포동1가,신길역3번출구,258,14
1267,영등포구,영등포동3가,영등포뉴타운지하상가 2번게이트,277,10
1268,영등포구,영등포동4가,센트럴 푸르지오 시티 앞,284,12
1269,영등포구,영등포동4가,쌍용예가(구청별관),288,10
1270,영등포구,영등포동6가,영등포청과시장 사거리,266,10
1271,영등포구,영등포동7가,아크로타워 스퀘어(영등포시장),283,15
1272,영등포구,영등포동7가,영등포전화국사거리(서강어린이공원),287,10
1273,영등포구,영등포동7가,유스호스텔 앞,239,20
1274,영등포구,영등포동8가,영등포삼환아파트 앞,244,20
1275,용산구,갈월동,남영역 건너편,835,10
1276,용산구,갈월동,숙대입구역 8번,828,7
1277,용산구,남영동,숙대입구역 4번출구,838,8
1278,용산구,동자동,서울역 12번 출구 앞,807,10
1279,용산구,동자동,청파동입구 교차로,820,10
1280,용산구,문배동,문배어린이공원 앞,805,9
1281,용산구,보광동,보광동 삼성리버빌아파트 앞,839,10
1282,용산구,서빙고동,서빙고동 금호맨션 앞,808,10
1283,용산구,서빙고동,서빙고동 주민센터 앞,825,15
1284,용산구,용산동1가,용산전쟁기념관,812,20
1285,용산구,용산동2가,국군복지단,827,20
1286,용산구,용산동2가,녹사평역1번출구,811,20
1287,용산구,용산동2가,용산중학교,846,15
1288,용산구,용산동2가,이태원지하보도,810,10
1289,용산구,용산동5가,용산 파크타워 앞,840,10
1290,용산구,원효로4가,목월공원 앞,800,15
1291,용산구,원효로4가,현대자동차서비스 앞,836,15
1292,용산구,이촌동,LIG강촌아파트 103동앞,815,20
1293,용산구,이촌동,이촌1동 마을공원,822,10
1294,용산구,이촌동,이촌1동 주민센터 뒤,832,15
1295,용산구,이촌동,이촌2동 동원베네스트 아파트 앞,844,11
1296,용산구,이태원동,녹사평역 광장,843,10
1297,용산구,이태원동,이태원관광특구입구,831,15
1298,용산구,청암동,청암자이아파트앞,830,10
1299,용산구,청파동2가,숙명여대 입구 교차로,818,15
1300,용산구,청파동3가,선린인터넷 고등학교,819,12
1301,용산구,한강로1가,삼각지역 3번출구,813,20
1302,용산구,한강로1가,삼각지역 4번출구 앞,817,9
1303,용산구,한강로2가,신용산역 1번 출구,841,15
1304,용산구,한강로2가,신용산역 6번출구 앞,816,15
1305,용산구,한강로3가,베르가모앞,829,40
1306,용산구,한강로3가,용산 선인상가,845,22
1307,용산구,한강로3가,전자랜드 본관 앞,806,20
1308,용산구,한남동,한강진역 2번 출구 앞,802,10
1309,용산구,한남동,한남 유수지 복개주차장,809,10
1310,용산구,한남동,한남나들목 입구,837,10
1311,용산구,한남동,한남초교 앞 보도육교,803,10
1312,용산구,효창동,효창공원앞역 3번출구 뒤,834,15
1313,용산구,효창동,효창동주민센터 앞,823,10
1314,은평구,갈현동,LG서비스 역촌점,933,10
1315,은평구,갈현동,구산역 4번출구,908,10
1316,은평구,갈현동,연신내역 6번출구옆,951,15
1317,은평구,구산동,예일여중,932,10
1318,은평구,녹번동,녹번역 4번출구,917,9
1319,은평구,녹번동,서울혁신파크,919,10
1320,은평구,녹번동,서울혁신파크1,966,10
1321,은평구,녹번동,서울혁신파크2,967,13
1322,은평구,녹번동,은평구청 보건소,943,10
1323,은평구,녹번동,은평예술회관,900,20
1324,은평구,녹번동,은평평화공원(역촌역4번출구),911,10
1325,은평구,대조동,연신내역 4번출구,922,10
1326,은평구,대조동,연신내역 5번출구150M 아래,906,10
1327,은평구,불광동,국민은행 연서지점,923,10
1328,은평구,불광동,대호프라자아파트,963,13
1329,은평구,불광동,독바위역,946,10
1330,은평구,불광동,북한산힐스테이트 7차아파트,964,10
1331,은평구,불광동,불광역 2번출구,925,8
1332,은평구,불광동,불광역 8번출구,926,8
1333,은평구,불광동,불광역 9번 출구,961,8
1334,은평구,불광동,서울연신중학교,952,10
1335,은평구,불광동,서울연신초등학교,953,10
1336,은평구,불광동,연신내 선일하이츠빌 정류소,947,10
1337,은평구,불광동,연신내역 1번 출구,949,7
1338,은평구,불광동,연신내역 3번출구 인근,927,10
1339,은평구,수색동,수색역,972,20
1340,은평구,신사동,신사동 성당,934,15
1341,은평구,역촌동,CJ 드림시티,907,10
1342,은평구,역촌동,구 서부경찰서 건너편,930,7
1343,은평구,역촌동,구산역 2번 출구,950,5
1344,은평구,역촌동,역촌 센트레빌 아파트,971,10
1345,은평구,역촌동,역촌역 1번 출구,935,7
1346,은평구,역촌동,역촌파출소,931,20
1347,은평구,역촌동,평생학습관 앞,916,7
1348,은평구,응암동,백련산 힐스테이트 3차,909,10
1349,은평구,응암동,새절역 2번출구,914,20
1350,은평구,응암동,서울특별시 은평병원,965,10
1351,은평구,응암동,신한은행 응암동 지점 앞,958,13
1352,은평구,응암동,은평구청 교차로,939,15
1353,은평구,응암동,응암1동사무소,901,10
1354,은평구,응암동,응암시장교차로,956,9
1355,은평구,응암동,응암오거리,912,10
1356,은평구,응암동,이마트 은평점,913,15
1357,은평구,증산동,디지털미디어 시티역 4번출구,948,10
1358,은평구,증산동,증산역 4번출구,915,10
1359,은평구,진관동,구파발10단지 인근,959,10
1360,은평구,진관동,구파발역 2번출구,905,11
1361,은평구,진관동,구파발역 환승센터,960,15
1362,은평구,진관동,금암 문화공원,938,15
1363,은평구,진관동,기자촌 사거리,945,10
1364,은평구,진관동,메뚜기다리,924,15
1365,은평구,진관동,상림마을 롯데캐슬2단지 옆,937,15
1366,은평구,진관동,상림마을 생태공원,942,9
1367,은평구,진관동,신도고등학교,921,10
1368,은평구,진관동,은평 지웰테라스,969,9
1369,은평구,진관동,은평뉴타운 도서관,941,13
1370,은평구,진관동,은평뉴타운 상림마을 13단지,968,7
1371,은평구,진관동,은평뉴타운 아이파크,903,20
1372,은평구,진관동,은평뉴타운 푸르지오,904,18
1373,은평구,진관동,은평뉴타운 힐데스하임,962,10
1374,은평구,진관동,은평뉴타운구파발9단지,954,10
1375,은평구,진관동,은평역사한옥박물관,928,15
1376,은평구,진관동,진관동 은빛초등학교,902,10
1377,종로구,가회동,중앙고입구 삼거리,352,15
1378,종로구,공평동,종각역 1번출구 앞,316,12
1379,종로구,관철동,청계2가 사거리 옆,329,8
1380,종로구,교북동,독립문역 사거리,348,14
1381,종로구,낙원동,낙원상가 옆,327,10
1382,종로구,내자동,서울지방경찰청,461,10
1383,종로구,동숭동,대학로 마로니에공원,342,10
1384,종로구,명륜4가,성대입구 사거리,358,13
1385,종로구,명륜4가,혜화역 3번출구 뒤,341,10
1386,종로구,무악동,독립문역 3-1번출구,367,8
1387,종로구,사직동,사직동주민센터,349,7
1388,종로구,삼청동,삼청공원 앞,465,5
1389,종로구,삼청동,삼청동 골목,464,10
1390,종로구,서린동,SK 서린빌딩 앞,368,12
1391,종로구,서린동,종각역 5번출구,385,10
1392,종로구,세종로,광화문 시민열린마당,369,20
1393,종로구,세종로,광화문역 1번출구 앞,303,8
1394,종로구,세종로,광화문역 2번출구 앞,304,7
1395,종로구,세종로,광화문역 5번출구,458,21
1396,종로구,세종로,광화문역 6번출구 옆,309,13
1397,종로구,세종로,광화문역 7번출구 앞,306,19
1398,종로구,소격동,국립현대미술관,314,10
1399,종로구,수송동,종로구청 옆,305,16
1400,종로구,숭인동,동묘앞역 1번출구 뒤,361,10
1401,종로구,숭인동,숭인2동 주민센터 입구(이강3대냉면),456,10
1402,종로구,숭인동,신설동역 11번출구 뒤,363,10
1403,종로구,숭인동,청계8가 사거리,362,10
1404,종로구,신문로1가,광화문 S타워 앞,308,20
1405,종로구,신문로2가,서울역사박물관 앞,307,11
1406,종로구,신영동,신영동삼거리,447,10
1407,종로구,신영동,신영동삼거리(북악터널방향),462,15
1408,종로구,안국동,신한은행 안국역지점 옆,315,9
1409,종로구,안국동,안국역 5번출구 앞,326,19
1410,종로구,연건동,KT혜화지사 앞,356,15
1411,종로구,연건동,서울사대부속초교 앞,355,15
1412,종로구,연지동,서울보증보험본사 앞,345,15
1413,종로구,와룡동,창경궁 입구,337,5
1414,종로구,원남동,원남동사거리,359,8
1415,종로구,원서동,포르투갈 대사관 앞,354,10
1416,종로구,인의동,세운스퀘어 앞,338,18
1417,종로구,재동,재동초교 앞 삼거리,353,8
1418,종로구,적선동,경복궁역 4번출구 뒤,302,12
1419,종로구,적선동,경복궁역 7번출구 앞,301,16
1420,종로구,전농동,서울시립대 대학본부,664,10
1421,종로구,종로2가,종로2가 버스정류장(종각방향),454,13
1422,종로구,종로2가,탑골공원 앞,328,11
1423,종로구,종로3가,종로3가역 15번출구 앞,335,10
1424,종로구,종로3가,종로3가역 2번출구 뒤,334,10
1425,종로구,종로4가,종로4가 사거리,339,10
1426,종로구,종로5가,동대문 종합시장 버스정류장,452,13
1427,종로구,종로5가,삼익한의원,455,8
1428,종로구,종로5가,종로오가 지하쇼핑센터 14번출구,453,10
1429,종로구,종로5가,종묘공영주차장 건너편,397,13
1430,종로구,종로6가,동대문역 8번 출구,393,10
1431,종로구,종로6가,종로꾳시장 입구 옆,457,10
1432,종로구,창신동,창신역 1번출구 앞,364,8
1433,종로구,청운동,청운초교 앞 삼거리,351,8
1434,종로구,충신동,성균관대 E하우스 앞,344,10
1435,종로구,충신동,예일빌딩(율곡로) 앞,343,12
1436,종로구,팔판동,청와대앞길,451,13
1437,종로구,평동,경희궁 자이 3단지,394,15
1438,종로구,평창동,일성아파트,449,10
1439,종로구,혜화동,동성중학교 앞,388,10
1440,종로구,혜화동,올림픽기념 국민생활관 앞,386,10
1441,종로구,혜화동,혜화동 로터리,340,8
1442,종로구,홍지동,상명대입구,446,10
1443,종로구,홍파동,경희궁 자이 2단지,395,8
1444,종로구,효자동,효자동 삼거리,450,20
1445,중구,광희동2가,동대문역사문화공원역 9번출구 앞,347,18
1446,중구,남대문로5가,SK 남산빌딩,435,10
1447,중구,남대문로5가,서울역 서부교차로2,826,20
1448,중구,남대문로5가,서울역9번출구,379,7
1449,중구,다동,광교사거리 남측,318,10
1450,중구,만리동2가,서울역 센트럴 자이아파트,399,15
1451,중구,명동2가,명동성당 앞,322,15
1452,중구,봉래동2가,서울역 광장 파출소 옆,313,5
1453,중구,삼각동,청계천 한빛광장,330,10
1454,중구,서소문동,시청역(2호선) 9번출구 뒤,370,26
1455,중구,신당동,다산 어린이공원,375,8
1456,중구,신당동,맥스타일 앞,346,10
1457,중구,신당동,송도병원,429,8
1458,중구,신당동,신당 레미안 버스정류장,434,10
1459,중구,신당동,약수역 10번출구 앞,382,7
1460,중구,신당동,약수역 3번출구 뒤,372,10
1461,중구,신당동,청구 어린이공원,373,8
1462,중구,신당동,청구역 2번출구 앞,374,10
1463,중구,쌍림동,CJ제일제당 앞,380,8
1464,중구,을지로1가,을지로입구역 2번출구,433,10
1465,중구,을지로2가,KEB 하나은행 본점 앞,321,15
1466,중구,을지로2가,을지로2가 사거리 남측,332,5
1467,중구,을지로2가,을지로2가 사거리 북측,331,10
1468,중구,을지로2가,을지로입구역 4번출구 앞,320,20
1469,중구,을지로3가,명보사거리,428,10
1470,중구,을지로3가,을지로3가역 3번출구,398,8
1471,중구,을지로4가,을지로4가역 1번출구,389,10
1472,중구,을지로5가,훈련원공원주차장 앞,387,10
1473,중구,장충동1가,KEB하나은행 장충동지점,430,8
1474,중구,장충동1가,신당역 12번 출구 뒤,383,17
1475,중구,장충동2가,동대입구역 6번출구 뒤,371,10
1476,중구,장충동2가,장충체육관,381,10
1477,중구,정동,서울광장 옆,311,35
1478,중구,정동,시청역 1번출구 뒤,312,7
1479,중구,정동,정동길입구,391,8
1480,중구,정동,정동사거리,300,7
1481,중구,중림동,종로학원본원,384,10
1482,중구,충무로1가,신세계백화점 본점 앞,324,10
1483,중구,충무로3가,티마크 호텔 앞,336,10
1484,중구,태평로1가,청계광장 옆,310,13
1485,중구,필동2가,충무로역 1번출구,390,10
1486,중구,황학동,청계천 영도교,431,15
1487,중구,흥인동,청계7가 사거리,378,10
1488,중랑구,공릉동,화랑대역 7번출구,1450,10
1489,중랑구,망우동,구립망우청소년독서실,1443,10
1490,중랑구,망우동,금란주차장 앞,1402,10
1491,중랑구,망우동,망우청소년수련관,1406,10
1492,중랑구,망우동,상봉터미널2,1458,9
1493,중랑구,망우동,상아빌딩(우림시장 교차로),1456,10
1494,중랑구,망우동,양원역 2번출구,1424,10
1495,중랑구,망우동,중랑캠핑숲,1453,9
1496,중랑구,면목동,늘푸른공원 앞,1437,15
1497,중랑구,면목동,동원사거리,1457,10
1498,중랑구,면목동,면목 대원칸타빌아파트,1410,10
1499,중랑구,면목동,면목4치안센터,1444,10
1500,중랑구,면목동,면목도시개발아파트 1동 앞,1426,15
1501,중랑구,면목동,면목역 3번출구,1447,15
1502,중랑구,면목동,면목초등학교,1412,10
1503,중랑구,면목동,사가정역 1번출구,1414,10
1504,중랑구,면목동,상봉시장앞 교차로 한성빌딩 앞,1411,10
1505,중랑구,면목동,용마문화복지센터,1425,10
1506,중랑구,면목동,용마산역 1번출구,1427,10
1507,중랑구,면목동,용마지구대,1445,10
1508,중랑구,면목동,용마한신아파트사거리,1459,10
1509,중랑구,면목동,중랑전화국 교차로,1446,10
1510,중랑구,면목동,하나은행 면목지점,1440,10
1511,중랑구,면목동,홈플러스 면목동점,1434,15
1512,중랑구,목동,겸재교 진입부,1452,15
1513,중랑구,묵동,극동늘푸른아파트,1401,15
1514,중랑구,묵동,먹골역 1번출구 뒤,1407,10
1515,중랑구,묵동,먹골역 6번출구 앞,1408,10
1516,중랑구,묵동,원묵고등학교,1428,10
1517,중랑구,묵동,한국전력공사(동대문 중랑지사),1454,10
1518,중랑구,상봉동,망우역 1번출구,1405,10
1519,중랑구,상봉동,상봉역 1번출구,1449,15
1520,중랑구,상봉동,상봉역 2번 출구,1455,10
1521,중랑구,상봉동,상봉역 3번출구,1416,10
1522,중랑구,상봉동,중랑세무서,1451,10
1523,중랑구,상봉동,코스트코 상봉점,1448,15
1524,중랑구,신내동,능산삼거리,1435,15
1525,중랑구,신내동,봉화산역 5번출구 뒤,1413,10
1526,중랑구,신내동,새솔초등학교,1418,15
1527,중랑구,신내동,신내능말공원,1441,15
1528,중랑구,신내동,신내어울공원 앞,1420,15
1529,중랑구,신내동,신내역 4번출구,1421,20
1530,중랑구,신내동,신내우디안아파트 1단지,1422,10
1531,중랑구,신내동,영풍마드레빌,1436,15
1532,중랑구,신내동,중랑구청,1430,20
1533,중랑구,신내동,중랑구청 사거리,1431,10
1534,중랑구,신내동,홈플러스 신내점 앞,1438,15
1535,중랑구,중화동,(구)신한은행 중랑교지점,1442,8
1536,중랑구,중화동,동일로 지하차도,1404,10
1537,중랑구,중화동,장안중학교,1429,15
1538,중랑구,중화동,중화빌딩 앞 (동부시장),1403,15
1539,중랑구,중화동,중화역 2번출구,1433,10
